x,y
1009,1423
1010,1423
1011,1423
1012,1423
1013,1423
1014,1423
1015,1423
1016,1423
1017,1423
1018,1423
1019,1423
1020,1423
1021,1423
1022,1423
1023,1423
1024,1423
1025,1423
1026,1423
1027,1423
1028,1423
1029,1423
1030,1423
1031,1423
1032,1423
1033,1423
1034,1423
1035,1423
1036,1423
1037,1423
1038,1423
1039,1423
1040,1423
1041,1423
1042,1423
1043,1423
1044,1423
1045,1423
1046,1423
1047,1423
1048,1423
1004,1424
1005,1424
1006,1424
1007,1424
1008,1424
1009,1424
1048,1424
1049,1424
1050,1424
1051,1424
1052,1424
1053,1424
1054,1424
1055,1424
1001,1425
1002,1425
1003,1425
1004,1425
1055,1425
1056,1425
1057,1425
1058,1425
1059,1425
1060,1425
997,1426
998,1426
999,1426
1000,1426
1001,1426
1060,1426
1061,1426
1062,1426
1063,1426
1064,1426
1065,1426
994,1427
995,1427
996,1427
997,1427
1065,1427
1066,1427
1067,1427
1068,1427
1069,1427
992,1428
993,1428
994,1428
1069,1428
1070,1428
1071,1428
1072,1428
989,1429
990,1429
991,1429
992,1429
1072,1429
1073,1429
1074,1429
1075,1429
1076,1429
986,1430
987,1430
988,1430
989,1430
1076,1430
1077,1430
1078,1430
1079,1430
984,1431
985,1431
986,1431
1079,1431
1080,1431
1081,1431
1082,1431
981,1432
982,1432
983,1432
984,1432
1082,1432
1083,1432
1084,1432
1085,1432
979,1433
980,1433
981,1433
1085,1433
1086,1433
1087,1433
1088,1433
977,1434
978,1434
979,1434
1088,1434
1089,1434
1090,1434
974,1435
975,1435
976,1435
977,1435
1090,1435
1091,1435
1092,1435
1093,1435
972,1436
973,1436
974,1436
1093,1436
1094,1436
1095,1436
970,1437
971,1437
972,1437
1095,1437
1096,1437
1097,1437
1098,1437
968,1438
969,1438
970,1438
1098,1438
1099,1438
1100,1438
966,1439
967,1439
968,1439
1100,1439
1101,1439
1102,1439
964,1440
965,1440
966,1440
1102,1440
1103,1440
1104,1440
1105,1440
962,1441
963,1441
964,1441
1105,1441
1106,1441
1107,1441
960,1442
961,1442
962,1442
1107,1442
1108,1442
1109,1442
958,1443
959,1443
960,1443
1109,1443
1110,1443
1111,1443
956,1444
957,1444
958,1444
1111,1444
1112,1444
1113,1444
954,1445
955,1445
956,1445
1113,1445
1114,1445
1115,1445
952,1446
953,1446
954,1446
1115,1446
1116,1446
1117,1446
950,1447
951,1447
952,1447
1117,1447
1118,1447
1119,1447
949,1448
950,1448
1119,1448
1120,1448
1121,1448
947,1449
948,1449
949,1449
1121,1449
1122,1449
945,1450
946,1450
947,1450
1122,1450
1123,1450
1124,1450
943,1451
944,1451
945,1451
1124,1451
1125,1451
1126,1451
942,1452
943,1452
1126,1452
1127,1452
1128,1452
940,1453
941,1453
942,1453
1128,1453
1129,1453
1130,1453
938,1454
939,1454
940,1454
1130,1454
1131,1454
937,1455
938,1455
1131,1455
1132,1455
1133,1455
935,1456
936,1456
937,1456
1133,1456
1134,1456
1135,1456
934,1457
935,1457
1135,1457
1136,1457
932,1458
933,1458
934,1458
1136,1458
1137,1458
1138,1458
930,1459
931,1459
932,1459
1138,1459
1139,1459
929,1460
930,1460
1139,1460
1140,1460
1141,1460
927,1461
928,1461
929,1461
1141,1461
1142,1461
1143,1461
926,1462
927,1462
1143,1462
1144,1462
924,1463
925,1463
926,1463
1144,1463
1145,1463
1146,1463
923,1464
924,1464
1146,1464
1147,1464
921,1465
922,1465
923,1465
1147,1465
1148,1465
1149,1465
920,1466
921,1466
1149,1466
1150,1466
919,1467
920,1467
1150,1467
1151,1467
1152,1467
917,1468
918,1468
919,1468
1152,1468
1153,1468
916,1469
917,1469
1153,1469
1154,1469
914,1470
915,1470
916,1470
1154,1470
1155,1470
1156,1470
913,1471
914,1471
1156,1471
1157,1471
912,1472
913,1472
1157,1472
1158,1472
1159,1472
910,1473
911,1473
912,1473
1159,1473
1160,1473
909,1474
910,1474
1160,1474
1161,1474
907,1475
908,1475
909,1475
1161,1475
1162,1475
1163,1475
906,1476
907,1476
1163,1476
1164,1476
905,1477
906,1477
1164,1477
1165,1477
1166,1477
903,1478
904,1478
905,1478
1166,1478
1167,1478
902,1479
903,1479
1167,1479
1168,1479
901,1480
902,1480
1168,1480
1169,1480
900,1481
901,1481
1169,1481
1170,1481
1171,1481
898,1482
899,1482
900,1482
1171,1482
1172,1482
897,1483
898,1483
1172,1483
1173,1483
896,1484
897,1484
1173,1484
1174,1484
1175,1484
894,1485
895,1485
896,1485
1175,1485
1176,1485
893,1486
894,1486
1176,1486
1177,1486
892,1487
893,1487
1177,1487
1178,1487
891,1488
892,1488
1178,1488
1179,1488
1180,1488
890,1489
891,1489
1180,1489
1181,1489
888,1490
889,1490
890,1490
1181,1490
1182,1490
887,1491
888,1491
1182,1491
1183,1491
886,1492
887,1492
1183,1492
1184,1492
885,1493
886,1493
1184,1493
1185,1493
1186,1493
884,1494
885,1494
1186,1494
1187,1494
882,1495
883,1495
884,1495
1187,1495
1188,1495
881,1496
882,1496
1188,1496
1189,1496
1190,1496
880,1497
881,1497
1190,1497
1191,1497
1192,1497
879,1498
880,1498
1192,1498
1193,1498
878,1499
879,1499
1193,1499
1194,1499
1195,1499
877,1500
878,1500
1195,1500
1196,1500
1197,1500
875,1501
876,1501
877,1501
1197,1501
1198,1501
874,1502
875,1502
1198,1502
1199,1502
1200,1502
873,1503
874,1503
1200,1503
1201,1503
1202,1503
872,1504
873,1504
1202,1504
1203,1504
1204,1504
871,1505
872,1505
1204,1505
1205,1505
1206,1505
870,1506
871,1506
1206,1506
1207,1506
1208,1506
869,1507
870,1507
1208,1507
1209,1507
1210,1507
868,1508
869,1508
1210,1508
1211,1508
1212,1508
1213,1508
866,1509
867,1509
868,1509
1213,1509
1214,1509
1215,1509
865,1510
866,1510
1215,1510
1216,1510
1217,1510
864,1511
865,1511
1217,1511
1218,1511
1219,1511
863,1512
864,1512
1219,1512
1220,1512
1221,1512
1222,1512
862,1513
863,1513
1222,1513
1223,1513
1224,1513
861,1514
862,1514
1224,1514
1225,1514
1226,1514
1227,1514
860,1515
861,1515
1227,1515
1228,1515
1229,1515
859,1516
860,1516
1229,1516
1230,1516
1231,1516
1232,1516
858,1517
859,1517
1232,1517
1233,1517
1234,1517
857,1518
858,1518
1234,1518
1235,1518
1236,1518
1237,1518
856,1519
857,1519
1237,1519
1238,1519
1239,1519
855,1520
856,1520
1239,1520
1240,1520
1241,1520
1242,1520
854,1521
855,1521
1242,1521
1243,1521
1244,1521
853,1522
854,1522
1244,1522
1245,1522
1246,1522
1247,1522
852,1523
853,1523
1247,1523
1248,1523
1249,1523
850,1524
851,1524
852,1524
1249,1524
1250,1524
1251,1524
1252,1524
849,1525
850,1525
1252,1525
1253,1525
1254,1525
1255,1525
848,1526
849,1526
1255,1526
1256,1526
1257,1526
847,1527
848,1527
1257,1527
1258,1527
1259,1527
846,1528
847,1528
1259,1528
1260,1528
1261,1528
1262,1528
845,1529
846,1529
1262,1529
1263,1529
1264,1529
844,1530
845,1530
1264,1530
1265,1530
1266,1530
1267,1530
843,1531
844,1531
1267,1531
1268,1531
1269,1531
842,1532
843,1532
1269,1532
1270,1532
1271,1532
1272,1532
841,1533
842,1533
1272,1533
1273,1533
1274,1533
840,1534
841,1534
1274,1534
1275,1534
1276,1534
839,1535
840,1535
1276,1535
1277,1535
1278,1535
838,1536
839,1536
1278,1536
1279,1536
1280,1536
1281,1536
837,1537
838,1537
1281,1537
1282,1537
1283,1537
836,1538
837,1538
1283,1538
1284,1538
1285,1538
835,1539
836,1539
1285,1539
1286,1539
1287,1539
1288,1539
834,1540
835,1540
1288,1540
1289,1540
1290,1540
833,1541
834,1541
1290,1541
1291,1541
1292,1541
832,1542
833,1542
1292,1542
1293,1542
1294,1542
831,1543
832,1543
1294,1543
1295,1543
1296,1543
830,1544
831,1544
1296,1544
1297,1544
1298,1544
1299,1544
829,1545
830,1545
1299,1545
1300,1545
1301,1545
828,1546
829,1546
1301,1546
1302,1546
1303,1546
827,1547
828,1547
1303,1547
1304,1547
1305,1547
826,1548
827,1548
1305,1548
1306,1548
1307,1548
825,1549
826,1549
1307,1549
1308,1549
1309,1549
824,1550
825,1550
1309,1550
1310,1550
1311,1550
1312,1550
823,1551
824,1551
1312,1551
1313,1551
1314,1551
822,1552
823,1552
1314,1552
1315,1552
1316,1552
821,1553
822,1553
1316,1553
1317,1553
1318,1553
820,1554
821,1554
1318,1554
1319,1554
1320,1554
818,1555
819,1555
820,1555
1320,1555
1321,1555
1322,1555
1323,1555
817,1556
818,1556
1323,1556
1324,1556
1325,1556
816,1557
817,1557
1325,1557
1326,1557
1327,1557
1328,1557
814,1558
815,1558
816,1558
1328,1558
1329,1558
1330,1558
813,1559
814,1559
1330,1559
1331,1559
1332,1559
1333,1559
811,1560
812,1560
813,1560
1333,1560
1334,1560
1335,1560
810,1561
811,1561
1335,1561
1336,1561
1337,1561
1338,1561
808,1562
809,1562
810,1562
1338,1562
1339,1562
1340,1562
807,1563
808,1563
1340,1563
1341,1563
1342,1563
1343,1563
805,1564
806,1564
807,1564
1343,1564
1344,1564
1345,1564
804,1565
805,1565
1345,1565
1346,1565
1347,1565
1348,1565
802,1566
803,1566
804,1566
1348,1566
1349,1566
1350,1566
801,1567
802,1567
1350,1567
1351,1567
1352,1567
800,1568
801,1568
1352,1568
1353,1568
1354,1568
1355,1568
798,1569
799,1569
800,1569
1355,1569
1356,1569
1357,1569
797,1570
798,1570
1357,1570
1358,1570
1359,1570
795,1571
796,1571
797,1571
1359,1571
1360,1571
1361,1571
794,1572
795,1572
1361,1572
1362,1572
1363,1572
1364,1572
793,1573
794,1573
1364,1573
1365,1573
1366,1573
791,1574
792,1574
793,1574
1366,1574
1367,1574
1368,1574
790,1575
791,1575
1368,1575
1369,1575
1370,1575
789,1576
790,1576
1370,1576
1371,1576
1372,1576
787,1577
788,1577
789,1577
1372,1577
1373,1577
1374,1577
786,1578
787,1578
1374,1578
1375,1578
1376,1578
785,1579
786,1579
1376,1579
1377,1579
1378,1579
783,1580
784,1580
785,1580
1378,1580
1379,1580
1380,1580
782,1581
783,1581
1380,1581
1381,1581
1382,1581
781,1582
782,1582
1382,1582
1383,1582
1384,1582
780,1583
781,1583
1384,1583
1385,1583
1386,1583
778,1584
779,1584
780,1584
1386,1584
1387,1584
1388,1584
777,1585
778,1585
1388,1585
1389,1585
1390,1585
776,1586
777,1586
1390,1586
1391,1586
1392,1586
775,1587
776,1587
1392,1587
1393,1587
773,1588
774,1588
775,1588
1393,1588
1394,1588
1395,1588
772,1589
773,1589
1395,1589
1396,1589
1397,1589
771,1590
772,1590
1397,1590
1398,1590
1399,1590
770,1591
771,1591
1399,1591
1400,1591
768,1592
769,1592
770,1592
1400,1592
1401,1592
1402,1592
767,1593
768,1593
1402,1593
1403,1593
1404,1593
766,1594
767,1594
1404,1594
1405,1594
765,1595
766,1595
1405,1595
1406,1595
1407,1595
764,1596
765,1596
1407,1596
1408,1596
1409,1596
762,1597
763,1597
764,1597
1409,1597
1410,1597
761,1598
762,1598
1410,1598
1411,1598
1412,1598
760,1599
761,1599
1412,1599
1413,1599
1414,1599
759,1600
760,1600
1414,1600
1415,1600
758,1601
759,1601
1415,1601
1416,1601
1417,1601
757,1602
758,1602
1417,1602
1418,1602
755,1603
756,1603
757,1603
1418,1603
1419,1603
1420,1603
754,1604
755,1604
1420,1604
1421,1604
1422,1604
753,1605
754,1605
1422,1605
1423,1605
752,1606
753,1606
1423,1606
1424,1606
1425,1606
751,1607
752,1607
1425,1607
1426,1607
750,1608
751,1608
1426,1608
1427,1608
1428,1608
749,1609
750,1609
1428,1609
1429,1609
748,1610
749,1610
1429,1610
1430,1610
1431,1610
747,1611
748,1611
1431,1611
1432,1611
745,1612
746,1612
747,1612
1432,1612
1433,1612
744,1613
745,1613
1433,1613
1434,1613
1435,1613
743,1614
744,1614
1435,1614
1436,1614
742,1615
743,1615
1436,1615
1437,1615
1438,1615
741,1616
742,1616
1438,1616
1439,1616
740,1617
741,1617
1439,1617
1440,1617
739,1618
740,1618
1440,1618
1441,1618
1442,1618
738,1619
739,1619
1442,1619
1443,1619
737,1620
738,1620
1443,1620
1444,1620
736,1621
737,1621
1444,1621
1445,1621
1446,1621
735,1622
736,1622
1446,1622
1447,1622
734,1623
735,1623
1447,1623
1448,1623
733,1624
734,1624
1448,1624
1449,1624
1450,1624
732,1625
733,1625
1450,1625
1451,1625
731,1626
732,1626
1451,1626
1452,1626
730,1627
731,1627
1452,1627
1453,1627
729,1628
730,1628
1453,1628
1454,1628
1455,1628
728,1629
729,1629
1455,1629
1456,1629
727,1630
728,1630
1456,1630
1457,1630
726,1631
727,1631
1457,1631
1458,1631
725,1632
726,1632
1458,1632
1459,1632
1460,1632
724,1633
725,1633
1460,1633
1461,1633
723,1634
724,1634
1461,1634
1462,1634
722,1635
723,1635
1462,1635
1463,1635
721,1636
722,1636
1463,1636
1464,1636
720,1637
721,1637
1464,1637
1465,1637
719,1638
720,1638
1465,1638
1466,1638
1467,1638
718,1639
719,1639
1467,1639
1468,1639
717,1640
718,1640
1468,1640
1469,1640
716,1641
717,1641
1469,1641
1470,1641
715,1642
716,1642
1470,1642
1471,1642
715,1643
1471,1643
1472,1643
714,1644
715,1644
1472,1644
1473,1644
713,1645
714,1645
1473,1645
1474,1645
712,1646
713,1646
1474,1646
1475,1646
711,1647
712,1647
1475,1647
1476,1647
1477,1647
710,1648
711,1648
1477,1648
1478,1648
709,1649
710,1649
1478,1649
1479,1649
708,1650
709,1650
1479,1650
1480,1650
707,1651
708,1651
1480,1651
1481,1651
707,1652
1481,1652
1482,1652
706,1653
707,1653
1482,1653
1483,1653
705,1654
706,1654
1483,1654
1484,1654
704,1655
705,1655
1484,1655
1485,1655
703,1656
704,1656
1485,1656
1486,1656
702,1657
703,1657
1486,1657
1487,1657
701,1658
702,1658
1487,1658
1488,1658
701,1659
1488,1659
1489,1659
700,1660
701,1660
1489,1660
1490,1660
699,1661
700,1661
1490,1661
1491,1661
698,1662
699,1662
1491,1662
1492,1662
697,1663
698,1663
1492,1663
1493,1663
696,1664
697,1664
1493,1664
1494,1664
696,1665
1494,1665
1495,1665
695,1666
696,1666
1495,1666
1496,1666
694,1667
695,1667
1496,1667
1497,1667
693,1668
694,1668
1497,1668
692,1669
693,1669
1497,1669
1498,1669
692,1670
1498,1670
1499,1670
691,1671
692,1671
1499,1671
1500,1671
690,1672
691,1672
1500,1672
1501,1672
689,1673
690,1673
1501,1673
1502,1673
689,1674
1502,1674
1503,1674
688,1675
689,1675
1503,1675
1504,1675
687,1676
688,1676
1504,1676
1505,1676
686,1677
687,1677
1505,1677
686,1678
1505,1678
1506,1678
685,1679
686,1679
1506,1679
1507,1679
684,1680
685,1680
1507,1680
1508,1680
683,1681
684,1681
1508,1681
1509,1681
683,1682
1509,1682
1510,1682
682,1683
683,1683
1510,1683
681,1684
682,1684
1510,1684
1511,1684
680,1685
681,1685
1511,1685
1512,1685
680,1686
1512,1686
1513,1686
679,1687
680,1687
1513,1687
678,1688
679,1688
1513,1688
1514,1688
678,1689
1514,1689
1515,1689
677,1690
678,1690
1515,1690
1516,1690
676,1691
677,1691
1516,1691
675,1692
676,1692
1516,1692
1517,1692
675,1693
1517,1693
1518,1693
674,1694
675,1694
1518,1694
1519,1694
673,1695
674,1695
1519,1695
673,1696
1519,1696
1520,1696
672,1697
673,1697
1520,1697
1521,1697
671,1698
672,1698
1521,1698
671,1699
1521,1699
1522,1699
670,1700
671,1700
1522,1700
1523,1700
669,1701
670,1701
1523,1701
1524,1701
669,1702
1524,1702
668,1703
669,1703
1524,1703
1525,1703
667,1704
668,1704
1525,1704
667,1705
1525,1705
1526,1705
666,1706
667,1706
1526,1706
1527,1706
665,1707
666,1707
1527,1707
665,1708
1527,1708
1528,1708
664,1709
665,1709
1528,1709
1529,1709
664,1710
1529,1710
663,1711
664,1711
1529,1711
1530,1711
662,1712
663,1712
1530,1712
662,1713
1530,1713
1531,1713
661,1714
662,1714
1531,1714
1532,1714
660,1715
661,1715
1532,1715
660,1716
1532,1716
1533,1716
659,1717
660,1717
1533,1717
659,1718
1533,1718
1534,1718
658,1719
659,1719
1534,1719
658,1720
1534,1720
1535,1720
657,1721
658,1721
1535,1721
656,1722
657,1722
1535,1722
1536,1722
656,1723
1536,1723
1537,1723
655,1724
656,1724
1537,1724
655,1725
1537,1725
1538,1725
654,1726
655,1726
1538,1726
653,1727
654,1727
1538,1727
1539,1727
653,1728
1539,1728
652,1729
653,1729
1539,1729
1540,1729
652,1730
1540,1730
651,1731
652,1731
1540,1731
651,1732
1540,1732
1541,1732
650,1733
651,1733
1541,1733
650,1734
843,1734
844,1734
845,1734
846,1734
847,1734
848,1734
849,1734
850,1734
851,1734
852,1734
853,1734
854,1734
855,1734
856,1734
857,1734
858,1734
859,1734
860,1734
861,1734
862,1734
863,1734
864,1734
865,1734
866,1734
867,1734
868,1734
869,1734
870,1734
871,1734
872,1734
873,1734
874,1734
875,1734
876,1734
877,1734
878,1734
879,1734
880,1734
881,1734
882,1734
883,1734
884,1734
885,1734
886,1734
887,1734
1541,1734
1542,1734
649,1735
650,1735
841,1735
842,1735
843,1735
887,1735
888,1735
889,1735
890,1735
891,1735
892,1735
898,1735
899,1735
900,1735
901,1735
902,1735
903,1735
904,1735
905,1735
906,1735
907,1735
908,1735
909,1735
910,1735
911,1735
912,1735
913,1735
914,1735
915,1735
916,1735
917,1735
918,1735
919,1735
920,1735
921,1735
922,1735
923,1735
924,1735
925,1735
926,1735
927,1735
928,1735
929,1735
930,1735
931,1735
932,1735
933,1735
934,1735
935,1735
936,1735
937,1735
938,1735
939,1735
940,1735
941,1735
942,1735
943,1735
1542,1735
649,1736
838,1736
839,1736
840,1736
841,1736
892,1736
893,1736
894,1736
895,1736
896,1736
897,1736
898,1736
943,1736
944,1736
945,1736
946,1736
947,1736
1542,1736
1543,1736
648,1737
649,1737
799,1737
800,1737
801,1737
802,1737
803,1737
804,1737
805,1737
806,1737
807,1737
808,1737
809,1737
810,1737
811,1737
812,1737
813,1737
814,1737
815,1737
816,1737
817,1737
818,1737
819,1737
820,1737
821,1737
822,1737
823,1737
824,1737
825,1737
826,1737
827,1737
828,1737
829,1737
830,1737
831,1737
832,1737
833,1737
834,1737
836,1737
837,1737
838,1737
895,1737
947,1737
948,1737
949,1737
950,1737
951,1737
1543,1737
648,1738
798,1738
799,1738
834,1738
835,1738
836,1738
951,1738
952,1738
953,1738
954,1738
955,1738
956,1738
957,1738
958,1738
959,1738
960,1738
961,1738
962,1738
963,1738
964,1738
965,1738
966,1738
967,1738
968,1738
969,1738
970,1738
971,1738
972,1738
973,1738
974,1738
975,1738
976,1738
977,1738
978,1738
979,1738
980,1738
981,1738
982,1738
983,1738
984,1738
985,1738
986,1738
987,1738
988,1738
989,1738
990,1738
991,1738
992,1738
993,1738
994,1738
995,1738
996,1738
997,1738
998,1738
1543,1738
1544,1738
647,1739
648,1739
797,1739
798,1739
998,1739
999,1739
1000,1739
1001,1739
1002,1739
1544,1739
647,1740
796,1740
797,1740
1002,1740
1003,1740
1004,1740
1005,1740
1544,1740
646,1741
647,1741
796,1741
1005,1741
1006,1741
1007,1741
1008,1741
1009,1741
1010,1741
1011,1741
1012,1741
1013,1741
1014,1741
1015,1741
1016,1741
1017,1741
1018,1741
1019,1741
1020,1741
1021,1741
1022,1741
1023,1741
1024,1741
1025,1741
1026,1741
1027,1741
1028,1741
1029,1741
1030,1741
1031,1741
1032,1741
1033,1741
1034,1741
1035,1741
1036,1741
1037,1741
1038,1741
1039,1741
1040,1741
1041,1741
1042,1741
1043,1741
1044,1741
1045,1741
1046,1741
1047,1741
1048,1741
1049,1741
1050,1741
1051,1741
1052,1741
1053,1741
1054,1741
1544,1741
1545,1741
646,1742
795,1742
796,1742
1054,1742
1055,1742
1056,1742
1057,1742
1058,1742
1545,1742
645,1743
646,1743
794,1743
795,1743
1058,1743
1059,1743
1060,1743
1061,1743
1545,1743
1546,1743
645,1744
793,1744
794,1744
1061,1744
1062,1744
1063,1744
1064,1744
1546,1744
644,1745
645,1745
793,1745
1064,1745
1065,1745
1066,1745
1546,1745
644,1746
792,1746
793,1746
1066,1746
1067,1746
1068,1746
1069,1746
1546,1746
1547,1746
643,1747
644,1747
791,1747
792,1747
1069,1747
1070,1747
1071,1747
1547,1747
643,1748
791,1748
1071,1748
1072,1748
1073,1748
1547,1748
642,1749
643,1749
790,1749
791,1749
1073,1749
1074,1749
1075,1749
1547,1749
1548,1749
642,1750
789,1750
790,1750
1075,1750
1076,1750
1077,1750
1548,1750
641,1751
642,1751
788,1751
789,1751
1077,1751
1078,1751
1079,1751
1548,1751
641,1752
788,1752
1079,1752
1080,1752
1081,1752
1548,1752
1549,1752
640,1753
641,1753
787,1753
788,1753
1081,1753
1082,1753
1549,1753
640,1754
786,1754
787,1754
1082,1754
1083,1754
1084,1754
1549,1754
639,1755
640,1755
786,1755
1084,1755
1085,1755
1549,1755
1550,1755
639,1756
785,1756
786,1756
1085,1756
1086,1756
1087,1756
1550,1756
638,1757
639,1757
784,1757
785,1757
1087,1757
1088,1757
1550,1757
638,1758
784,1758
1088,1758
1089,1758
1090,1758
1550,1758
1551,1758
637,1759
638,1759
783,1759
784,1759
1090,1759
1091,1759
1551,1759
637,1760
783,1760
1091,1760
1092,1760
1093,1760
1551,1760
636,1761
637,1761
782,1761
783,1761
1093,1761
1094,1761
1551,1761
1552,1761
636,1762
781,1762
782,1762
1094,1762
1095,1762
1552,1762
635,1763
636,1763
781,1763
1095,1763
1096,1763
1097,1763
1552,1763
635,1764
780,1764
781,1764
1097,1764
1098,1764
1552,1764
635,1765
779,1765
780,1765
1098,1765
1099,1765
1552,1765
1553,1765
634,1766
635,1766
779,1766
1099,1766
1100,1766
1553,1766
634,1767
778,1767
779,1767
1100,1767
1101,1767
1102,1767
1553,1767
633,1768
634,1768
778,1768
1102,1768
1103,1768
1553,1768
633,1769
777,1769
778,1769
1103,1769
1104,1769
1553,1769
1554,1769
632,1770
633,1770
776,1770
777,1770
1104,1770
1105,1770
1554,1770
632,1771
776,1771
1105,1771
1106,1771
1554,1771
632,1772
775,1772
776,1772
1106,1772
1107,1772
1554,1772
631,1773
632,1773
775,1773
1107,1773
1108,1773
1554,1773
1555,1773
631,1774
774,1774
775,1774
1108,1774
1109,1774
1555,1774
630,1775
631,1775
774,1775
1109,1775
1110,1775
1555,1775
630,1776
773,1776
774,1776
1110,1776
1111,1776
1555,1776
629,1777
630,1777
772,1777
773,1777
1111,1777
1112,1777
1555,1777
1556,1777
629,1778
772,1778
1112,1778
1113,1778
1556,1778
629,1779
771,1779
772,1779
1113,1779
1114,1779
1556,1779
628,1780
629,1780
771,1780
1114,1780
1115,1780
1556,1780
628,1781
770,1781
771,1781
1115,1781
1116,1781
1556,1781
627,1782
628,1782
770,1782
1116,1782
1117,1782
1556,1782
1557,1782
627,1783
769,1783
770,1783
1117,1783
1118,1783
1557,1783
627,1784
769,1784
1118,1784
1119,1784
1557,1784
626,1785
627,1785
768,1785
769,1785
1119,1785
1557,1785
626,1786
768,1786
1119,1786
1120,1786
1557,1786
625,1787
626,1787
767,1787
768,1787
1120,1787
1121,1787
1557,1787
625,1788
767,1788
1121,1788
1122,1788
1557,1788
1558,1788
625,1789
766,1789
767,1789
1122,1789
1123,1789
1558,1789
624,1790
625,1790
766,1790
1123,1790
1558,1790
624,1791
765,1791
766,1791
1123,1791
1124,1791
1558,1791
624,1792
765,1792
1124,1792
1125,1792
1558,1792
623,1793
624,1793
764,1793
765,1793
1125,1793
1126,1793
1558,1793
623,1794
764,1794
1126,1794
1127,1794
1558,1794
622,1795
623,1795
763,1795
764,1795
1127,1795
1558,1795
1559,1795
622,1796
763,1796
1127,1796
1128,1796
1559,1796
622,1797
763,1797
1128,1797
1129,1797
1559,1797
621,1798
622,1798
762,1798
763,1798
1129,1798
1559,1798
621,1799
762,1799
1129,1799
1130,1799
1559,1799
621,1800
761,1800
762,1800
1130,1800
1131,1800
1559,1800
620,1801
621,1801
761,1801
1131,1801
1132,1801
1559,1801
620,1802
760,1802
761,1802
1132,1802
1559,1802
620,1803
760,1803
1132,1803
1133,1803
1559,1803
1560,1803
619,1804
620,1804
760,1804
1133,1804
1134,1804
1560,1804
619,1805
759,1805
760,1805
1134,1805
1560,1805
619,1806
759,1806
1134,1806
1135,1806
1560,1806
618,1807
619,1807
758,1807
759,1807
1135,1807
1560,1807
618,1808
758,1808
1135,1808
1136,1808
1560,1808
618,1809
758,1809
1136,1809
1137,1809
1560,1809
617,1810
618,1810
757,1810
758,1810
1137,1810
1560,1810
617,1811
757,1811
1137,1811
1138,1811
1560,1811
617,1812
756,1812
757,1812
1138,1812
1560,1812
616,1813
617,1813
756,1813
1138,1813
1139,1813
1560,1813
616,1814
756,1814
1139,1814
1140,1814
1560,1814
1561,1814
616,1815
755,1815
756,1815
1140,1815
1561,1815
615,1816
616,1816
755,1816
1140,1816
1141,1816
1561,1816
615,1817
754,1817
755,1817
1141,1817
1561,1817
615,1818
754,1818
1141,1818
1142,1818
1561,1818
614,1819
615,1819
754,1819
1142,1819
1561,1819
614,1820
753,1820
754,1820
1142,1820
1143,1820
1561,1820
614,1821
753,1821
1143,1821
1561,1821
613,1822
614,1822
753,1822
1143,1822
1144,1822
1561,1822
613,1823
752,1823
753,1823
1144,1823
1145,1823
1561,1823
613,1824
752,1824
1145,1824
1561,1824
613,1825
752,1825
1145,1825
1146,1825
1561,1825
612,1826
613,1826
751,1826
752,1826
1146,1826
1561,1826
612,1827
751,1827
1146,1827
1561,1827
612,1828
751,1828
1146,1828
1147,1828
1561,1828
1562,1828
611,1829
612,1829
750,1829
751,1829
1147,1829
1562,1829
611,1830
750,1830
1147,1830
1148,1830
1562,1830
611,1831
750,1831
1148,1831
1562,1831
611,1832
749,1832
750,1832
1148,1832
1149,1832
1562,1832
610,1833
611,1833
749,1833
1149,1833
1562,1833
610,1834
749,1834
1149,1834
1150,1834
1562,1834
610,1835
749,1835
1150,1835
1562,1835
610,1836
748,1836
749,1836
1150,1836
1151,1836
1562,1836
609,1837
610,1837
748,1837
1151,1837
1562,1837
609,1838
748,1838
1151,1838
1562,1838
609,1839
747,1839
748,1839
1151,1839
1152,1839
1562,1839
609,1840
747,1840
1152,1840
1562,1840
609,1841
747,1841
1152,1841
1562,1841
608,1842
609,1842
747,1842
1152,1842
1153,1842
1562,1842
608,1843
746,1843
747,1843
1153,1843
1562,1843
608,1844
746,1844
1153,1844
1154,1844
1562,1844
608,1845
746,1845
1154,1845
1562,1845
607,1846
608,1846
746,1846
1154,1846
1562,1846
607,1847
745,1847
746,1847
1154,1847
1155,1847
1562,1847
607,1848
745,1848
1155,1848
1562,1848
607,1849
745,1849
1155,1849
1562,1849
607,1850
745,1850
1155,1850
1156,1850
1562,1850
606,1851
607,1851
745,1851
1156,1851
1562,1851
606,1852
744,1852
745,1852
1156,1852
1562,1852
606,1853
744,1853
1156,1853
1562,1853
606,1854
744,1854
1156,1854
1157,1854
1562,1854
606,1855
744,1855
1157,1855
1562,1855
606,1856
744,1856
1157,1856
1562,1856
605,1857
606,1857
743,1857
744,1857
1157,1857
1562,1857
605,1858
743,1858
1157,1858
1158,1858
1562,1858
605,1859
743,1859
1158,1859
1562,1859
605,1860
743,1860
1158,1860
1562,1860
605,1861
743,1861
1158,1861
1562,1861
605,1862
743,1862
1158,1862
1159,1862
1562,1862
605,1863
742,1863
743,1863
1159,1863
1562,1863
604,1864
605,1864
742,1864
1159,1864
1562,1864
604,1865
742,1865
1159,1865
1562,1865
604,1866
742,1866
1159,1866
1562,1866
604,1867
742,1867
1159,1867
1562,1867
604,1868
742,1868
1159,1868
1562,1868
604,1869
742,1869
1159,1869
1160,1869
1562,1869
604,1870
742,1870
1160,1870
1562,1870
604,1871
742,1871
1160,1871
1562,1871
604,1872
742,1872
1160,1872
1562,1872
604,1873
742,1873
1160,1873
1562,1873
604,1874
742,1874
1160,1874
1562,1874
604,1875
742,1875
1160,1875
1562,1875
604,1876
742,1876
1160,1876
1562,1876
604,1877
742,1877
1160,1877
1562,1877
604,1878
742,1878
1160,1878
1562,1878
604,1879
742,1879
1160,1879
1562,1879
604,1880
742,1880
1160,1880
1562,1880
604,1881
742,1881
1160,1881
1562,1881
604,1882
742,1882
1160,1882
1562,1882
604,1883
742,1883
1160,1883
1562,1883
604,1884
742,1884
1160,1884
1562,1884
604,1885
742,1885
1160,1885
1562,1885
604,1886
742,1886
1160,1886
1562,1886
604,1887
742,1887
1160,1887
1562,1887
604,1888
742,1888
1160,1888
1562,1888
604,1889
742,1889
1160,1889
1562,1889
604,1890
742,1890
1160,1890
1562,1890
604,1891
742,1891
1160,1891
1562,1891
604,1892
742,1892
1160,1892
1562,1892
604,1893
742,1893
1160,1893
1562,1893
604,1894
742,1894
1160,1894
1562,1894
604,1895
742,1895
1160,1895
1562,1895
604,1896
742,1896
1160,1896
1562,1896
604,1897
742,1897
1160,1897
1562,1897
604,1898
742,1898
1160,1898
1562,1898
604,1899
742,1899
1160,1899
1562,1899
604,1900
742,1900
1160,1900
1562,1900
604,1901
742,1901
1160,1901
1562,1901
604,1902
742,1902
1160,1902
1562,1902
604,1903
742,1903
1160,1903
1562,1903
604,1904
742,1904
1160,1904
1562,1904
604,1905
742,1905
1160,1905
1562,1905
604,1906
742,1906
1160,1906
1562,1906
604,1907
742,1907
1160,1907
1562,1907
604,1908
742,1908
1160,1908
1562,1908
604,1909
742,1909
1160,1909
1562,1909
604,1910
742,1910
1160,1910
1562,1910
604,1911
742,1911
1160,1911
1562,1911
604,1912
742,1912
1160,1912
1562,1912
604,1913
742,1913
1160,1913
1562,1913
604,1914
742,1914
1160,1914
1562,1914
604,1915
742,1915
1160,1915
1562,1915
604,1916
742,1916
1160,1916
1562,1916
604,1917
742,1917
1160,1917
1562,1917
604,1918
742,1918
1160,1918
1562,1918
604,1919
742,1919
1160,1919
1562,1919
604,1920
742,1920
1160,1920
1562,1920
604,1921
742,1921
1160,1921
1562,1921
604,1922
742,1922
1159,1922
1160,1922
1562,1922
604,1923
742,1923
1159,1923
1562,1923
604,1924
742,1924
1159,1924
1562,1924
604,1925
742,1925
1159,1925
1562,1925
604,1926
742,1926
1159,1926
1562,1926
604,1927
605,1927
742,1927
1159,1927
1562,1927
605,1928
742,1928
743,1928
1159,1928
1562,1928
605,1929
743,1929
1158,1929
1159,1929
1562,1929
605,1930
743,1930
1158,1930
1562,1930
605,1931
743,1931
1158,1931
1562,1931
605,1932
743,1932
1158,1932
1562,1932
605,1933
743,1933
1158,1933
1562,1933
605,1934
743,1934
1157,1934
1158,1934
1562,1934
605,1935
606,1935
743,1935
744,1935
1157,1935
1562,1935
606,1936
744,1936
1157,1936
1562,1936
606,1937
744,1937
1157,1937
1562,1937
606,1938
744,1938
1156,1938
1157,1938
1562,1938
606,1939
744,1939
1156,1939
1562,1939
606,1940
607,1940
744,1940
745,1940
1156,1940
1562,1940
607,1941
745,1941
1155,1941
1156,1941
1562,1941
607,1942
745,1942
1155,1942
1562,1942
607,1943
745,1943
1155,1943
1562,1943
607,1944
745,1944
1154,1944
1155,1944
1562,1944
607,1945
608,1945
745,1945
746,1945
1154,1945
1562,1945
608,1946
746,1946
1154,1946
1562,1946
608,1947
746,1947
1153,1947
1154,1947
1562,1947
608,1948
746,1948
1153,1948
1562,1948
608,1949
746,1949
747,1949
1153,1949
1562,1949
608,1950
609,1950
747,1950
1152,1950
1153,1950
1562,1950
609,1951
747,1951
1152,1951
1562,1951
609,1952
747,1952
1152,1952
1562,1952
609,1953
747,1953
748,1953
1151,1953
1152,1953
1562,1953
609,1954
610,1954
748,1954
1151,1954
1562,1954
610,1955
748,1955
1150,1955
1151,1955
1562,1955
610,1956
748,1956
749,1956
1150,1956
1562,1956
610,1957
749,1957
1150,1957
1562,1957
610,1958
611,1958
749,1958
1149,1958
1150,1958
1562,1958
611,1959
749,1959
1149,1959
1562,1959
611,1960
749,1960
750,1960
1148,1960
1149,1960
1562,1960
611,1961
750,1961
1148,1961
1562,1961
611,1962
612,1962
750,1962
1147,1962
1148,1962
1562,1962
612,1963
750,1963
751,1963
1147,1963
1562,1963
612,1964
751,1964
1146,1964
1147,1964
1561,1964
1562,1964
612,1965
751,1965
1146,1965
1561,1965
612,1966
613,1966
751,1966
752,1966
1145,1966
1146,1966
1561,1966
613,1967
752,1967
1145,1967
1561,1967
613,1968
752,1968
1144,1968
1145,1968
1561,1968
613,1969
614,1969
752,1969
753,1969
1144,1969
1561,1969
614,1970
753,1970
1143,1970
1144,1970
1561,1970
614,1971
753,1971
1143,1971
1561,1971
614,1972
753,1972
754,1972
1142,1972
1143,1972
1561,1972
614,1973
615,1973
754,1973
1142,1973
1561,1973
615,1974
754,1974
755,1974
1141,1974
1142,1974
1561,1974
615,1975
755,1975
1141,1975
1561,1975
615,1976
616,1976
755,1976
1140,1976
1141,1976
1561,1976
616,1977
755,1977
756,1977
1140,1977
1561,1977
616,1978
756,1978
1139,1978
1140,1978
1560,1978
1561,1978
616,1979
617,1979
756,1979
1138,1979
1139,1979
1560,1979
617,1980
756,1980
757,1980
1138,1980
1560,1980
617,1981
757,1981
1137,1981
1138,1981
1560,1981
617,1982
618,1982
757,1982
758,1982
1137,1982
1560,1982
618,1983
758,1983
1136,1983
1137,1983
1560,1983
618,1984
758,1984
1135,1984
1136,1984
1560,1984
618,1985
619,1985
758,1985
759,1985
1135,1985
1560,1985
619,1986
759,1986
1134,1986
1135,1986
1560,1986
619,1987
759,1987
760,1987
1133,1987
1134,1987
1560,1987
619,1988
620,1988
760,1988
1133,1988
1560,1988
620,1989
760,1989
1132,1989
1133,1989
1559,1989
1560,1989
620,1990
760,1990
761,1990
1131,1990
1132,1990
1559,1990
620,1991
621,1991
761,1991
1131,1991
1559,1991
621,1992
761,1992
762,1992
1130,1992
1131,1992
1559,1992
621,1993
762,1993
1129,1993
1130,1993
1559,1993
621,1994
622,1994
762,1994
763,1994
1129,1994
1559,1994
622,1995
763,1995
1128,1995
1129,1995
1559,1995
622,1996
623,1996
763,1996
764,1996
1127,1996
1128,1996
1559,1996
623,1997
764,1997
1126,1997
1127,1997
1558,1997
1559,1997
623,1998
764,1998
1126,1998
1558,1998
623,1999
624,1999
764,1999
765,1999
1125,1999
1126,1999
1558,1999
624,2000
765,2000
1124,2000
1125,2000
1558,2000
624,2001
765,2001
766,2001
1123,2001
1124,2001
1558,2001
624,2002
625,2002
766,2002
1123,2002
1558,2002
625,2003
766,2003
767,2003
1122,2003
1123,2003
1558,2003
625,2004
626,2004
767,2004
1121,2004
1122,2004
1557,2004
1558,2004
626,2005
767,2005
768,2005
1120,2005
1121,2005
1557,2005
626,2006
768,2006
1119,2006
1120,2006
1557,2006
626,2007
627,2007
768,2007
769,2007
1118,2007
1119,2007
1557,2007
627,2008
769,2008
1118,2008
1557,2008
627,2009
628,2009
769,2009
770,2009
1117,2009
1118,2009
1557,2009
628,2010
770,2010
1116,2010
1117,2010
1556,2010
1557,2010
628,2011
770,2011
771,2011
1115,2011
1116,2011
1556,2011
628,2012
629,2012
771,2012
1114,2012
1115,2012
1556,2012
629,2013
771,2013
772,2013
1113,2013
1114,2013
1556,2013
629,2014
630,2014
772,2014
773,2014
1112,2014
1113,2014
1556,2014
630,2015
773,2015
1111,2015
1112,2015
1555,2015
1556,2015
630,2016
773,2016
774,2016
1110,2016
1111,2016
1555,2016
630,2017
631,2017
774,2017
1109,2017
1110,2017
1555,2017
631,2018
774,2018
775,2018
1108,2018
1109,2018
1555,2018
631,2019
632,2019
775,2019
1107,2019
1108,2019
1554,2019
1555,2019
632,2020
775,2020
776,2020
1106,2020
1107,2020
1554,2020
632,2021
776,2021
1105,2021
1106,2021
1554,2021
632,2022
633,2022
776,2022
777,2022
1104,2022
1105,2022
1554,2022
633,2023
777,2023
778,2023
1102,2023
1103,2023
1104,2023
1553,2023
1554,2023
633,2024
634,2024
778,2024
1101,2024
1102,2024
1553,2024
634,2025
778,2025
779,2025
1100,2025
1101,2025
1553,2025
634,2026
635,2026
779,2026
1099,2026
1100,2026
1553,2026
635,2027
779,2027
780,2027
1098,2027
1099,2027
1552,2027
1553,2027
635,2028
636,2028
780,2028
781,2028
1096,2028
1097,2028
1098,2028
1552,2028
636,2029
781,2029
1095,2029
1096,2029
1552,2029
636,2030
781,2030
782,2030
1094,2030
1095,2030
1552,2030
636,2031
637,2031
782,2031
783,2031
1092,2031
1093,2031
1094,2031
1551,2031
1552,2031
637,2032
783,2032
1091,2032
1092,2032
1551,2032
637,2033
638,2033
783,2033
784,2033
1090,2033
1091,2033
1551,2033
638,2034
784,2034
785,2034
1088,2034
1089,2034
1090,2034
1550,2034
1551,2034
638,2035
639,2035
785,2035
1087,2035
1088,2035
1550,2035
639,2036
785,2036
786,2036
1085,2036
1086,2036
1087,2036
1550,2036
639,2037
640,2037
786,2037
787,2037
1084,2037
1085,2037
1549,2037
1550,2037
640,2038
787,2038
1082,2038
1083,2038
1084,2038
1549,2038
640,2039
641,2039
787,2039
788,2039
1080,2039
1081,2039
1082,2039
1549,2039
641,2040
788,2040
789,2040
1078,2040
1079,2040
1080,2040
1548,2040
1549,2040
641,2041
642,2041
789,2041
1077,2041
1078,2041
1548,2041
642,2042
789,2042
790,2042
1075,2042
1076,2042
1077,2042
1548,2042
642,2043
643,2043
790,2043
791,2043
1073,2043
1074,2043
1075,2043
1547,2043
1548,2043
643,2044
791,2044
1071,2044
1072,2044
1073,2044
1547,2044
643,2045
644,2045
791,2045
792,2045
1068,2045
1069,2045
1070,2045
1071,2045
1547,2045
644,2046
792,2046
793,2046
1066,2046
1067,2046
1068,2046
1546,2046
1547,2046
644,2047
645,2047
793,2047
794,2047
1063,2047
1064,2047
1065,2047
1066,2047
1546,2047
645,2048
794,2048
1060,2048
1061,2048
1062,2048
1063,2048
1545,2048
1546,2048
645,2049
646,2049
794,2049
795,2049
1057,2049
1058,2049
1059,2049
1060,2049
1545,2049
646,2050
795,2050
796,2050
1053,2050
1054,2050
1055,2050
1056,2050
1057,2050
1545,2050
646,2051
647,2051
796,2051
1005,2051
1006,2051
1007,2051
1008,2051
1009,2051
1010,2051
1011,2051
1012,2051
1013,2051
1014,2051
1015,2051
1016,2051
1017,2051
1018,2051
1019,2051
1020,2051
1021,2051
1022,2051
1023,2051
1024,2051
1025,2051
1026,2051
1027,2051
1028,2051
1029,2051
1030,2051
1031,2051
1032,2051
1033,2051
1034,2051
1035,2051
1036,2051
1037,2051
1038,2051
1039,2051
1040,2051
1041,2051
1042,2051
1043,2051
1044,2051
1045,2051
1046,2051
1047,2051
1048,2051
1049,2051
1050,2051
1051,2051
1052,2051
1053,2051
1544,2051
1545,2051
647,2052
796,2052
797,2052
1001,2052
1002,2052
1003,2052
1004,2052
1005,2052
1544,2052
647,2053
648,2053
797,2053
798,2053
952,2053
953,2053
997,2053
998,2053
999,2053
1000,2053
1001,2053
1543,2053
1544,2053
648,2054
798,2054
799,2054
800,2054
801,2054
802,2054
803,2054
804,2054
805,2054
806,2054
807,2054
808,2054
809,2054
810,2054
811,2054
812,2054
813,2054
814,2054
815,2054
816,2054
817,2054
818,2054
819,2054
820,2054
821,2054
822,2054
823,2054
824,2054
825,2054
826,2054
827,2054
828,2054
829,2054
830,2054
831,2054
832,2054
833,2054
834,2054
835,2054
836,2054
837,2054
949,2054
950,2054
951,2054
952,2054
953,2054
954,2054
955,2054
956,2054
957,2054
958,2054
959,2054
960,2054
961,2054
962,2054
963,2054
964,2054
965,2054
966,2054
967,2054
968,2054
969,2054
970,2054
971,2054
972,2054
973,2054
974,2054
975,2054
976,2054
977,2054
978,2054
979,2054
980,2054
981,2054
982,2054
983,2054
984,2054
985,2054
986,2054
987,2054
988,2054
989,2054
990,2054
991,2054
992,2054
993,2054
994,2054
995,2054
996,2054
997,2054
1543,2054
648,2055
649,2055
837,2055
838,2055
839,2055
894,2055
895,2055
896,2055
946,2055
947,2055
948,2055
949,2055
1543,2055
649,2056
839,2056
840,2056
841,2056
842,2056
890,2056
891,2056
892,2056
893,2056
894,2056
896,2056
897,2056
898,2056
899,2056
941,2056
942,2056
943,2056
944,2056
945,2056
946,2056
1542,2056
1543,2056
649,2057
650,2057
842,2057
843,2057
844,2057
845,2057
846,2057
847,2057
848,2057
849,2057
850,2057
851,2057
852,2057
853,2057
854,2057
855,2057
856,2057
857,2057
858,2057
859,2057
860,2057
861,2057
862,2057
863,2057
864,2057
865,2057
866,2057
867,2057
868,2057
869,2057
870,2057
871,2057
872,2057
873,2057
874,2057
875,2057
876,2057
877,2057
878,2057
879,2057
880,2057
881,2057
882,2057
883,2057
884,2057
885,2057
886,2057
887,2057
888,2057
889,2057
890,2057
899,2057
900,2057
901,2057
902,2057
903,2057
904,2057
905,2057
906,2057
907,2057
908,2057
909,2057
910,2057
911,2057
912,2057
913,2057
914,2057
915,2057
916,2057
917,2057
918,2057
919,2057
920,2057
921,2057
922,2057
923,2057
924,2057
925,2057
926,2057
927,2057
928,2057
929,2057
930,2057
931,2057
932,2057
933,2057
934,2057
935,2057
936,2057
937,2057
938,2057
939,2057
940,2057
941,2057
1542,2057
650,2058
1541,2058
1542,2058
650,2059
651,2059
1541,2059
651,2060
1540,2060
1541,2060
651,2061
652,2061
1540,2061
652,2062
1539,2062
1540,2062
652,2063
653,2063
1539,2063
653,2064
654,2064
1538,2064
1539,2064
654,2065
1538,2065
654,2066
655,2066
1538,2066
655,2067
1537,2067
1538,2067
655,2068
656,2068
1536,2068
1537,2068
656,2069
1536,2069
656,2070
657,2070
1535,2070
1536,2070
657,2071
658,2071
1535,2071
658,2072
1534,2072
1535,2072
658,2073
659,2073
1534,2073
659,2074
1533,2074
1534,2074
659,2075
660,2075
1533,2075
660,2076
661,2076
1532,2076
1533,2076
661,2077
1532,2077
661,2078
662,2078
1531,2078
1532,2078
662,2079
1530,2079
1531,2079
662,2080
663,2080
1530,2080
663,2081
664,2081
1529,2081
1530,2081
664,2082
1529,2082
664,2083
665,2083
1528,2083
1529,2083
665,2084
666,2084
1527,2084
1528,2084
666,2085
1527,2085
666,2086
667,2086
1526,2086
1527,2086
667,2087
1525,2087
1526,2087
667,2088
668,2088
1525,2088
668,2089
669,2089
1524,2089
1525,2089
669,2090
1523,2090
1524,2090
669,2091
670,2091
1523,2091
670,2092
671,2092
1522,2092
1523,2092
671,2093
1521,2093
1522,2093
671,2094
672,2094
1521,2094
672,2095
673,2095
1520,2095
1521,2095
673,2096
1519,2096
1520,2096
673,2097
674,2097
1519,2097
674,2098
675,2098
1518,2098
1519,2098
675,2099
676,2099
1517,2099
1518,2099
676,2100
1516,2100
1517,2100
676,2101
677,2101
1516,2101
677,2102
678,2102
1515,2102
1516,2102
678,2103
1514,2103
1515,2103
678,2104
679,2104
1513,2104
1514,2104
679,2105
680,2105
1513,2105
680,2106
1512,2106
1513,2106
680,2107
681,2107
1511,2107
1512,2107
681,2108
682,2108
1510,2108
1511,2108
682,2109
683,2109
1509,2109
1510,2109
683,2110
1509,2110
683,2111
684,2111
1508,2111
1509,2111
684,2112
685,2112
1507,2112
1508,2112
685,2113
686,2113
1506,2113
1507,2113
686,2114
1505,2114
1506,2114
686,2115
687,2115
1504,2115
1505,2115
687,2116
688,2116
1504,2116
688,2117
689,2117
1503,2117
1504,2117
689,2118
1502,2118
1503,2118
689,2119
690,2119
1501,2119
1502,2119
690,2120
691,2120
1500,2120
1501,2120
691,2121
692,2121
1499,2121
1500,2121
692,2122
693,2122
1498,2122
1499,2122
693,2123
1497,2123
1498,2123
693,2124
694,2124
1496,2124
1497,2124
694,2125
695,2125
1495,2125
1496,2125
695,2126
696,2126
1495,2126
696,2127
697,2127
1494,2127
1495,2127
697,2128
1493,2128
1494,2128
697,2129
698,2129
1492,2129
1493,2129
698,2130
699,2130
1491,2130
1492,2130
699,2131
700,2131
1490,2131
1491,2131
700,2132
701,2132
1489,2132
1490,2132
701,2133
702,2133
1488,2133
1489,2133
702,2134
1487,2134
1488,2134
702,2135
703,2135
1486,2135
1487,2135
703,2136
704,2136
1485,2136
1486,2136
704,2137
705,2137
1484,2137
1485,2137
705,2138
706,2138
1483,2138
1484,2138
706,2139
707,2139
1482,2139
1483,2139
707,2140
708,2140
1481,2140
1482,2140
708,2141
1480,2141
1481,2141
708,2142
709,2142
1478,2142
1479,2142
1480,2142
709,2143
710,2143
1477,2143
1478,2143
710,2144
711,2144
1476,2144
1477,2144
711,2145
712,2145
1475,2145
1476,2145
712,2146
713,2146
1474,2146
1475,2146
713,2147
714,2147
1473,2147
1474,2147
714,2148
715,2148
1472,2148
1473,2148
715,2149
716,2149
1471,2149
1472,2149
716,2150
717,2150
1470,2150
1471,2150
717,2151
718,2151
1469,2151
1470,2151
718,2152
1467,2152
1468,2152
1469,2152
718,2153
719,2153
1466,2153
1467,2153
719,2154
720,2154
1465,2154
1466,2154
720,2155
721,2155
1464,2155
1465,2155
721,2156
722,2156
1463,2156
1464,2156
722,2157
723,2157
1462,2157
1463,2157
723,2158
724,2158
1460,2158
1461,2158
1462,2158
724,2159
725,2159
1459,2159
1460,2159
725,2160
726,2160
1458,2160
1459,2160
726,2161
727,2161
1457,2161
1458,2161
727,2162
728,2162
1456,2162
1457,2162
728,2163
729,2163
1454,2163
1455,2163
1456,2163
729,2164
730,2164
1453,2164
1454,2164
730,2165
731,2165
1452,2165
1453,2165
731,2166
732,2166
1451,2166
1452,2166
732,2167
733,2167
1449,2167
1450,2167
1451,2167
733,2168
734,2168
1448,2168
1449,2168
734,2169
735,2169
1447,2169
1448,2169
735,2170
736,2170
1445,2170
1446,2170
1447,2170
736,2171
737,2171
1444,2171
1445,2171
737,2172
738,2172
1443,2172
1444,2172
738,2173
739,2173
1441,2173
1442,2173
1443,2173
739,2174
740,2174
1440,2174
1441,2174
740,2175
741,2175
1439,2175
1440,2175
741,2176
742,2176
1437,2176
1438,2176
1439,2176
742,2177
743,2177
1436,2177
1437,2177
743,2178
744,2178
745,2178
1435,2178
1436,2178
745,2179
746,2179
1433,2179
1434,2179
1435,2179
746,2180
747,2180
1432,2180
1433,2180
747,2181
748,2181
1430,2181
1431,2181
1432,2181
748,2182
749,2182
1429,2182
1430,2182
749,2183
750,2183
1427,2183
1428,2183
1429,2183
750,2184
751,2184
1426,2184
1427,2184
751,2185
752,2185
1424,2185
1425,2185
1426,2185
752,2186
753,2186
1423,2186
1424,2186
753,2187
754,2187
1421,2187
1422,2187
1423,2187
754,2188
755,2188
756,2188
1420,2188
1421,2188
756,2189
757,2189
1418,2189
1419,2189
1420,2189
757,2190
758,2190
1417,2190
1418,2190
758,2191
759,2191
1415,2191
1416,2191
1417,2191
759,2192
760,2192
1413,2192
1414,2192
1415,2192
760,2193
761,2193
1412,2193
1413,2193
761,2194
762,2194
763,2194
1410,2194
1411,2194
1412,2194
763,2195
764,2195
1408,2195
1409,2195
1410,2195
764,2196
765,2196
1407,2196
1408,2196
765,2197
766,2197
1405,2197
1406,2197
1407,2197
766,2198
767,2198
1403,2198
1404,2198
1405,2198
767,2199
768,2199
769,2199
1402,2199
1403,2199
769,2200
770,2200
1400,2200
1401,2200
1402,2200
770,2201
771,2201
1398,2201
1399,2201
1400,2201
771,2202
772,2202
1396,2202
1397,2202
1398,2202
772,2203
773,2203
1395,2203
1396,2203
773,2204
774,2204
775,2204
1393,2204
1394,2204
1395,2204
775,2205
776,2205
1391,2205
1392,2205
1393,2205
776,2206
777,2206
1389,2206
1390,2206
1391,2206
777,2207
778,2207
779,2207
1387,2207
1388,2207
1389,2207
779,2208
780,2208
1386,2208
1387,2208
780,2209
781,2209
1384,2209
1385,2209
1386,2209
781,2210
782,2210
1382,2210
1383,2210
1384,2210
782,2211
783,2211
784,2211
1380,2211
1381,2211
1382,2211
784,2212
785,2212
1378,2212
1379,2212
1380,2212
785,2213
786,2213
1376,2213
1377,2213
1378,2213
786,2214
787,2214
788,2214
1374,2214
1375,2214
1376,2214
788,2215
789,2215
1372,2215
1373,2215
1374,2215
789,2216
790,2216
1370,2216
1371,2216
1372,2216
790,2217
791,2217
792,2217
1367,2217
1368,2217
1369,2217
1370,2217
792,2218
793,2218
1365,2218
1366,2218
1367,2218
793,2219
794,2219
1363,2219
1364,2219
1365,2219
794,2220
795,2220
796,2220
1361,2220
1362,2220
1363,2220
796,2221
797,2221
1359,2221
1360,2221
1361,2221
797,2222
798,2222
1357,2222
1358,2222
1359,2222
798,2223
799,2223
800,2223
1354,2223
1355,2223
1356,2223
1357,2223
800,2224
801,2224
1352,2224
1353,2224
1354,2224
801,2225
802,2225
803,2225
1350,2225
1351,2225
1352,2225
803,2226
804,2226
1347,2226
1348,2226
1349,2226
1350,2226
804,2227
805,2227
806,2227
1345,2227
1346,2227
1347,2227
806,2228
807,2228
1342,2228
1343,2228
1344,2228
1345,2228
807,2229
808,2229
1340,2229
1341,2229
1342,2229
808,2230
809,2230
810,2230
1337,2230
1338,2230
1339,2230
1340,2230
810,2231
811,2231
1335,2231
1336,2231
1337,2231
811,2232
812,2232
813,2232
1332,2232
1333,2232
1334,2232
1335,2232
813,2233
814,2233
1330,2233
1331,2233
1332,2233
814,2234
815,2234
816,2234
1327,2234
1328,2234
1329,2234
1330,2234
816,2235
817,2235
1325,2235
1326,2235
1327,2235
817,2236
818,2236
1322,2236
1323,2236
1324,2236
1325,2236
818,2237
819,2237
820,2237
1320,2237
1321,2237
1322,2237
820,2238
821,2238
1318,2238
1319,2238
1320,2238
821,2239
822,2239
1315,2239
1316,2239
1317,2239
1318,2239
822,2240
823,2240
1313,2240
1314,2240
1315,2240
823,2241
824,2241
1311,2241
1312,2241
1313,2241
824,2242
825,2242
1309,2242
1310,2242
1311,2242
825,2243
826,2243
1307,2243
1308,2243
1309,2243
826,2244
827,2244
1305,2244
1306,2244
1307,2244
827,2245
828,2245
1303,2245
1304,2245
1305,2245
828,2246
829,2246
1301,2246
1302,2246
1303,2246
829,2247
830,2247
1298,2247
1299,2247
1300,2247
1301,2247
830,2248
831,2248
1296,2248
1297,2248
1298,2248
831,2249
832,2249
1294,2249
1295,2249
1296,2249
832,2250
833,2250
1292,2250
1293,2250
1294,2250
833,2251
834,2251
1290,2251
1291,2251
1292,2251
834,2252
835,2252
1287,2252
1288,2252
1289,2252
1290,2252
835,2253
836,2253
1285,2253
1286,2253
1287,2253
836,2254
837,2254
1283,2254
1284,2254
1285,2254
837,2255
838,2255
1281,2255
1282,2255
1283,2255
838,2256
839,2256
1278,2256
1279,2256
1280,2256
1281,2256
839,2257
840,2257
1276,2257
1277,2257
1278,2257
840,2258
841,2258
1274,2258
1275,2258
1276,2258
841,2259
842,2259
1271,2259
1272,2259
1273,2259
1274,2259
842,2260
843,2260
1269,2260
1270,2260
1271,2260
843,2261
844,2261
1267,2261
1268,2261
1269,2261
844,2262
845,2262
1264,2262
1265,2262
1266,2262
1267,2262
845,2263
846,2263
1262,2263
1263,2263
1264,2263
846,2264
847,2264
1259,2264
1260,2264
1261,2264
1262,2264
847,2265
848,2265
1257,2265
1258,2265
1259,2265
848,2266
849,2266
1254,2266
1255,2266
1256,2266
1257,2266
849,2267
850,2267
1252,2267
1253,2267
1254,2267
850,2268
851,2268
1249,2268
1250,2268
1251,2268
1252,2268
851,2269
852,2269
853,2269
1247,2269
1248,2269
1249,2269
853,2270
854,2270
1244,2270
1245,2270
1246,2270
1247,2270
854,2271
855,2271
1242,2271
1243,2271
1244,2271
855,2272
856,2272
1239,2272
1240,2272
1241,2272
1242,2272
856,2273
857,2273
1237,2273
1238,2273
1239,2273
857,2274
858,2274
1234,2274
1235,2274
1236,2274
1237,2274
858,2275
859,2275
1232,2275
1233,2275
1234,2275
859,2276
860,2276
1229,2276
1230,2276
1231,2276
1232,2276
860,2277
861,2277
1227,2277
1228,2277
1229,2277
861,2278
862,2278
1224,2278
1225,2278
1226,2278
1227,2278
862,2279
863,2279
1222,2279
1223,2279
1224,2279
863,2280
864,2280
1219,2280
1220,2280
1221,2280
1222,2280
864,2281
865,2281
1217,2281
1218,2281
1219,2281
865,2282
866,2282
1215,2282
1216,2282
1217,2282
866,2283
867,2283
868,2283
1213,2283
1214,2283
1215,2283
868,2284
869,2284
1210,2284
1211,2284
1212,2284
1213,2284
869,2285
870,2285
1208,2285
1209,2285
1210,2285
870,2286
871,2286
1206,2286
1207,2286
1208,2286
871,2287
872,2287
1204,2287
1205,2287
1206,2287
872,2288
873,2288
1202,2288
1203,2288
1204,2288
873,2289
874,2289
1200,2289
1201,2289
1202,2289
874,2290
875,2290
1198,2290
1199,2290
1200,2290
875,2291
876,2291
1197,2291
1198,2291
876,2292
877,2292
878,2292
1195,2292
1196,2292
1197,2292
878,2293
879,2293
1193,2293
1194,2293
1195,2293
879,2294
880,2294
1192,2294
1193,2294
880,2295
881,2295
1190,2295
1191,2295
1192,2295
881,2296
882,2296
1188,2296
1189,2296
1190,2296
882,2297
883,2297
1187,2297
1188,2297
883,2298
884,2298
885,2298
1186,2298
1187,2298
885,2299
886,2299
1185,2299
1186,2299
886,2300
887,2300
1183,2300
1184,2300
1185,2300
887,2301
888,2301
1182,2301
1183,2301
888,2302
889,2302
1181,2302
1182,2302
889,2303
890,2303
891,2303
1180,2303
1181,2303
891,2304
892,2304
1178,2304
1179,2304
1180,2304
892,2305
893,2305
1177,2305
1178,2305
893,2306
894,2306
1176,2306
1177,2306
894,2307
895,2307
896,2307
1175,2307
1176,2307
896,2308
897,2308
1173,2308
1174,2308
1175,2308
897,2309
898,2309
1172,2309
1173,2309
898,2310
899,2310
900,2310
1171,2310
1172,2310
900,2311
901,2311
1170,2311
1171,2311
901,2312
902,2312
1168,2312
1169,2312
1170,2312
902,2313
903,2313
1167,2313
1168,2313
903,2314
904,2314
905,2314
1166,2314
1167,2314
905,2315
906,2315
1164,2315
1165,2315
1166,2315
906,2316
907,2316
1163,2316
1164,2316
907,2317
908,2317
909,2317
1162,2317
1163,2317
909,2318
910,2318
1160,2318
1161,2318
1162,2318
910,2319
911,2319
1159,2319
1160,2319
911,2320
912,2320
913,2320
1157,2320
1158,2320
1159,2320
913,2321
914,2321
1156,2321
1157,2321
914,2322
915,2322
916,2322
1155,2322
1156,2322
916,2323
917,2323
1153,2323
1154,2323
1155,2323
917,2324
918,2324
919,2324
1152,2324
1153,2324
919,2325
920,2325
1150,2325
1151,2325
1152,2325
920,2326
921,2326
1149,2326
1150,2326
921,2327
922,2327
923,2327
1147,2327
1148,2327
1149,2327
923,2328
924,2328
1146,2328
1147,2328
924,2329
925,2329
926,2329
1144,2329
1145,2329
1146,2329
926,2330
927,2330
1143,2330
1144,2330
927,2331
928,2331
929,2331
1141,2331
1142,2331
1143,2331
929,2332
930,2332
1139,2332
1140,2332
1141,2332
930,2333
931,2333
932,2333
1138,2333
1139,2333
932,2334
933,2334
934,2334
1136,2334
1137,2334
1138,2334
934,2335
935,2335
1135,2335
1136,2335
935,2336
936,2336
937,2336
1133,2336
1134,2336
1135,2336
937,2337
938,2337
1131,2337
1132,2337
1133,2337
938,2338
939,2338
940,2338
1130,2338
1131,2338
940,2339
941,2339
942,2339
1128,2339
1129,2339
1130,2339
942,2340
943,2340
1126,2340
1127,2340
1128,2340
943,2341
944,2341
945,2341
1124,2341
1125,2341
1126,2341
945,2342
946,2342
947,2342
1122,2342
1123,2342
1124,2342
947,2343
948,2343
949,2343
1121,2343
1122,2343
949,2344
950,2344
1119,2344
1120,2344
1121,2344
950,2345
951,2345
952,2345
1117,2345
1118,2345
1119,2345
952,2346
953,2346
954,2346
1115,2346
1116,2346
1117,2346
954,2347
955,2347
956,2347
1113,2347
1114,2347
1115,2347
956,2348
957,2348
958,2348
1111,2348
1112,2348
1113,2348
958,2349
959,2349
960,2349
1109,2349
1110,2349
1111,2349
960,2350
961,2350
962,2350
1107,2350
1108,2350
1109,2350
962,2351
963,2351
964,2351
1105,2351
1106,2351
1107,2351
964,2352
965,2352
966,2352
1102,2352
1103,2352
1104,2352
1105,2352
966,2353
967,2353
968,2353
1100,2353
1101,2353
1102,2353
968,2354
969,2354
970,2354
1098,2354
1099,2354
1100,2354
970,2355
971,2355
972,2355
1095,2355
1096,2355
1097,2355
1098,2355
972,2356
973,2356
974,2356
1093,2356
1094,2356
1095,2356
974,2357
975,2357
976,2357
977,2357
1090,2357
1091,2357
1092,2357
1093,2357
977,2358
978,2358
979,2358
1088,2358
1089,2358
1090,2358
979,2359
980,2359
981,2359
1085,2359
1086,2359
1087,2359
1088,2359
981,2360
982,2360
983,2360
984,2360
1082,2360
1083,2360
1084,2360
1085,2360
984,2361
985,2361
986,2361
1079,2361
1080,2361
1081,2361
1082,2361
986,2362
987,2362
988,2362
989,2362
1076,2362
1077,2362
1078,2362
1079,2362
989,2363
990,2363
991,2363
992,2363
1072,2363
1073,2363
1074,2363
1075,2363
1076,2363
992,2364
993,2364
994,2364
1069,2364
1070,2364
1071,2364
1072,2364
994,2365
995,2365
996,2365
997,2365
998,2365
1065,2365
1066,2365
1067,2365
1068,2365
1069,2365
998,2366
999,2366
1000,2366
1001,2366
1060,2366
1061,2366
1062,2366
1063,2366
1064,2366
1065,2366
1001,2367
1002,2367
1003,2367
1004,2367
1055,2367
1056,2367
1057,2367
1058,2367
1059,2367
1060,2367
1004,2368
1005,2368
1006,2368
1007,2368
1008,2368
1009,2368
1048,2368
1049,2368
1050,2368
1051,2368
1052,2368
1053,2368
1054,2368
1055,2368
1009,2369
1010,2369
1011,2369
1012,2369
1013,2369
1014,2369
1015,2369
1016,2369
1017,2369
1018,2369
1019,2369
1020,2369
1021,2369
1022,2369
1023,2369
1024,2369
1025,2369
1026,2369
1027,2369
1028,2369
1029,2369
1030,2369
1031,2369
1032,2369
1033,2369
1034,2369
1035,2369
1036,2369
1037,2369
1038,2369
1039,2369
1040,2369
1041,2369
1042,2369
1043,2369
1044,2369
1045,2369
1046,2369
1047,2369
1048,2369
